Category,Feedback
"Training","The recent cybersecurity training was comprehensive and inspiring, leaving me with optimism despite occasional uncertainties about rapid technological changes."
"Training","The hands-on training sessions in advanced software techniques were very engaging, fueling my confidence as well as a touch of perplexity when challenges arise."
"Training","I appreciated the detailed training on new data management procedures; the blend of clarity and occasional complexity left a balanced impression."
"Training","The training modules on system integration were thorough and moderately uplifting; occasional technical jargon led to mild confusion but overall competence."
"Training","Our training on IT security tactics was insightful and energizing, though some sessions felt overwhelming with intricate details."
"Training","The vendor-led training sessions have sharpened my skills, making me feel both empowered and slightly disoriented when concepts were rapidly introduced."
"Training","I found the cybersecurity awareness training both illuminating and practically useful, despite moments of hesitation with advanced topics."
"Training","Participating in the cloud security training has boosted my confidence, mixing genuine satisfaction with the occasional puzzling technical term."
"Training","The recent user experience training provided practical insights and an engaging pace, though I sometimes felt a bit lost in its technical depth."
"Training","The team training on network troubleshooting effectively bridged our skills gap, although a few sessions left me slightly uncertain about best practices."
"Technology","The new software upgrade appears promising, balancing improved performance with sporadic glitches that still cause mild disruption."
"Technology","The technology refresh in our system infrastructure has modernized our workflow, though intermittent performance slowdowns are concerning."
"Technology","I feel a blend of optimism and subtle apprehension towards the recently deployed platform, as innovative features sometimes yield unexpected behavior."
"Technology","The advanced analytics tool integration is impressive and robust, yet occasional lag moments and interface quirks induce slight frustration."
"Technology","The shift to cloud-hosted solutions has introduced remarkable flexibility, although the transition has been marked by occasional instability and minor setbacks."
"Technology","The augmented reality demo showcased cutting-edge technology and inspired confidence, despite moments of technical hiccups that spark occasional doubts."
"Technology","The IT department's embrace of AI-driven monitoring has redefined our capabilities, presenting a mix of reliable performance with rare, puzzling system responses."
"IT-support","Whenever I call IT-support, they resolve my issues quickly, leaving me satisfied, though sometimes the follow-up response can be unexpectedly delayed."
"IT-support","The IT-support team's proactive troubleshooting made a significant difference, though a few cases of unanticipated delays left me momentarily irate."
"IT-support","The support provided during system outages was commendable, instilling both gratitude and minor frustration when solutions aren't permanent."
"IT-support","Direct assistance from IT-support has proven effective and comforting, counterbalancing sporadic miscommunications that sometimes occur."
"IT-support","Every time the network falters, IT-support responds promptly, creating a mix of relief and slight disillusion when recurring issues persist."
"IT-support","The reliability of our IT-support often turns a challenging day around, though occasional technical missteps introduce a hint of annoyance."
"IT-support","Receiving help from IT-support during software glitches always brings reassurance, intertwined with a subtle irritability when delays unexpectedly extend."
"IT-support","I value the consistent assistance from IT-support in resolving critical errors, despite isolated incidents of prolonged troubleshooting that induce mild impatience."
"Other","I do not know; the current process feels like a puzzle with no solution, leaving me in a state of perpetual indecision."
"Other","Potato internet - a quirky reference to our outdated tools that sometimes feel hilariously inadequate."
"Other","Sometimes I wonder if the system is merely a suggestion, mixing abstract connectivity with a hint of surreal detachment."
"Other","Our office ambiance occasionally feels like a blending of outdated paradigms and fleeting enthusiasm, still confusing to me."
"Other","The interface moved like a whisper, as if time slowed down in a digital dream with half-remembered code."
"Other","Feedback seems to be as elusive as a mysterious cloud of data - I'm both amused and perplexed by its ethereal presence."
"Other","Every so often, the software greets me with a seemingly random error that leaves me both amused and slightly bemused."
"Other","The rhythm of today’s system logs appears to be a mix of forgotten protocols and intermittent daydreams."
"Other","At times, the digital workspace transforms into an abstract canvas that defies the rules, leaving me in mild wonder."
"Other","Random glitches and surreal pop-ups create a sense of detachment, as if the network is communicating in cryptic musings."
"Other","I sometimes experience layers of digital dissonance that evoke nothing but a subtle sense of digital déjà vu."
"Other","The environment feels both familiar and bizarre - reminiscent of forgotten settings in an old game, leaving me whimsical."
"Other","There are moments when the uptime and downtime blend into a poetic dance, strangely entertaining yet impractical."
"Other","I hovered over the new dashboard, which seemed more like a collage of random visuals than a functional tool."
"Other","These feedback systems sometimes resemble a surreal narrative, where logic is interwoven with abstract expressions."
"Other","The notion of connectivity in our current setup is oddly reminiscent of a maze filled with both clarity and mystique."
"Other","Sometimes the update logs read like a cryptic poem, where every line offers both a hint of clarity and a jolt of enigma."
"Other","The interface employed ambiguous icons that evoke curiosity, reminiscent of symbolic murals in a forgotten hallway."
"Other","Navigating the system today was like reading a surreal novel, where lines blur and technical jargon fades into mystery."
"Other","There’s an inexplicable charm in our sporadic notifications that evoke both laughter and shallow bemusement."
"Other","At times, the progress bar feels more like an eccentric artwork than a guide, meandering in unpredictable patterns."
"Other","I attempted to report an issue, but the process felt like traversing an abstract labyrinth with unexpected turns."
"Other","Today’s digital experience is as if reality and code merged together in a blend of unexpected juxtapositions."
"Other","Some days the tools seem as if they were designed in a parallel universe, embodying a mixture of logic and surreal improvisation."
"Other","The day's technical narrative felt more like an improvisation than a defined strategy, leaving me both amused and mystified."